SNP	chr	bp_38	effect_allele	non_effect_allele	EAF	beta_effect	OR	SE	pvalue	trait	sample_size	EAF_source
rs12562034	1	833068	A	G	0.1131	-0.0239853627505113	0.9763	0.0280381760452849	0.3923	XX	26621	TOPMED
rs3934834	1	1070426	T	C	0.1982	0.0037927982386962	1.0038	0.023283498471278	0.8706	XX	26621	TOPMED